test,elapsed_ms,throughput_mbps,ops
weight_lifecycle_TRAD,0.295,178024.7,12800
weight_lifecycle_COMPAT,0.030,1755173.9,12800
weight_lifecycle_NATIVE,0.024,2202890.8,12800
activation_fwd_bwd_TRAD,0.046,26912.0,50
activation_fwd_bwd_COMPAT,0.036,33831.7,50
activation_fwd_bwd_NATIVE,0.039,31670.1,50
cross_domain_share_TRAD,0.144,90869.5,3200
cross_domain_share_COMPAT,0.070,188400.3,3200
cross_domain_share_NATIVE,0.066,198654.1,3200
kv_cache_management_TRAD,0.047,68998.3,6400
kv_cache_management_COMPAT,0.019,169870.4,6400
kv_cache_management_NATIVE,0.018,180440.5,6400
gradient_accumulation_TRAD,1.352,155099.3,200
gradient_accumulation_COMPAT,0.849,247154.4,200
gradient_accumulation_NATIVE,0.285,735912.5,200
db_buffer_pool_TRAD,0.746,54876.9,10000
db_buffer_pool_COMPAT,0.458,89509.5,10000
db_buffer_pool_NATIVE,0.300,136513.3,10000
